total_segments,n_stays,pct_stays,median_duration,mean_duration
2232701,327361,14.66210656957649,20,36.62656822284878
