activity_type,n,pct
Pass-through,1905340,85.3378934304235
Short stay,151627,6.791191476153771
Medium stay,129169,5.7853245911566304
Long stay,46565,2.0855905022660894
