duration_bin,n,pct
10-15,151627,46.3179792339344
15-30,55029,16.809882667758224
30-60,74140,22.647780279263564
60-120,31382,9.586358790448465
120+,15183,4.637999028595343
