freq_type,activity_type,n,pct
One-time,Engaged,7039,38.16831146296497
One-time,Pass-through,11403,61.83168853703502
Regular,Engaged,172025,50.09960217377376
Regular,Pass-through,171341,49.900397826226246
