freq_type,n_segments,n_stays,stay_rate,median_duration,mean_duration
One-time,67202,8303,12.355287045028422,10,21.972780922558112
Regular,1573431,228037,14.492977448645666,20,37.4351969197981
