freq_type,median_dwell,mean_dwell,q25,q75
One-time,0,18.9008784296714,0,20
Regular,10,36.15360868577553,0,30
