duration_bin,n,pct
5-10min,31636,46.86537094098128
10-30min,19911,29.496029864896894
30-60min,8743,12.951825077032472
60min+,7214,10.686774117089358
