freq_type,n_segments,n_stays,pct_stays,median_duration,mean_duration
One-time,14027,1788,12.746845369644259,10,21.437360178970916
Regular,330740,46143,13.951442220475299,20,36.127039854365776
